{"stats":{"minecraft:mined":{"minecraft:grass":4,"minecraft:spruce_leaves":1,"minecraft:ice":2,"minecraft:grass_block":3,"minecraft:sugar_cane":1,"minecraft:sand":1},"minecraft:custom":{"minecraft:jump":43,"minecraft:time_since_rest":2154,"minecraft:crouch_one_cm":218,"minecraft:sprint_one_cm":6374,"minecraft:play_time":2154,"minecraft:time_since_death":2154,"minecraft:walk_one_cm":2824,"minecraft:sneak_time":87,"minecraft:total_world_time":2154,"minecraft:fall_one_cm":1579,"minecraft:fly_one_cm":12548},"minecraft:picked_up":{"minecraft:sand":1,"minecraft:sugar_cane":1,"minecraft:wheat_seeds":1,"minecraft:dirt":3},"minecraft:used":{"minecraft:dirt":3,"minecraft:sand":1}},"DataVersion":3120}