{"stats":{"minecraft:mined":{"minecraft:large_fern":10,"minecraft:ice":9,"minecraft:spruce_log":3,"minecraft:grass":4,"minecraft:grass_block":5,"minecraft:poppy":1,"minecraft:dirt":5,"minecraft:sand":1,"minecraft:spruce_leaves":1,"minecraft:stone":4,"minecraft:sugar_cane":2,"minecraft:fern":1},"minecraft:crafted":{"minecraft:crafting_table":1,"minecraft:spruce_planks":12,"minecraft:stick":4,"minecraft:wooden_pickaxe":1},"minecraft:custom":{"minecraft:time_since_rest":258,"minecraft:sprint_one_cm":17841,"minecraft:damage_taken":535,"minecraft:walk_one_cm":16935,"minecraft:mob_kills":2,"minecraft:damage_dealt":400,"minecraft:interact_with_crafting_table":2,"minecraft:fly_one_cm":29813,"minecraft:crouch_one_cm":218,"minecraft:play_time":11048,"minecraft:deaths":2,"minecraft:sneak_time":138,"minecraft:walk_under_water_one_cm":263,"minecraft:jump":148,"minecraft:leave_game":2,"minecraft:walk_on_water_one_cm":484,"minecraft:time_since_death":61,"minecraft:total_world_time":11048,"minecraft:fall_one_cm":4452},"minecraft:picked_up":{"minecraft:sand":1,"minecraft:spruce_log":3,"minecraft:dirt":10,"minecraft:rotten_flesh":2,"minecraft:wheat_seeds":2,"minecraft:poppy":1,"minecraft:sugar_cane":6,"minecraft:cobblestone":4},"minecraft:used":{"minecraft:poppy":1,"minecraft:wooden_pickaxe":4,"minecraft:sugar_cane":4,"minecraft:rotten_flesh":2,"minecraft:dirt":8,"minecraft:sand":1,"minecraft:cobblestone":4,"minecraft:crafting_table":1},"minecraft:killed":{"minecraft:zombie":2}},"DataVersion":3120}